{
    "745305478292307989": {
        "743448933573066832": {
            "text": 9,
            "voice": 7,
            "msgs": 0,
            "id": "743448933573066832"
        },
        "753709983723421789": {
            "text": 3,
            "voice": 1,
            "msgs": 0,
            "id": "753709983723421789"
        },
        "778370948650106892": {
            "text": 3,
            "voice": 1,
            "msgs": 0,
            "id": "778370948650106892"
        }
    },
    "788087660598132737": {
        "743448933573066832": {
            "text": 6,
            "voice": 13,
            "msgs": 0,
            "id": "743448933573066832"
        },
        "778370948650106892": {
            "text": 2,
            "voice": 4,
            "msgs": 0,
            "id": "778370948650106892"
        },
        "711727680059342868": {
            "text": 5,
            "voice": 5,
            "msgs": 0,
            "id": "711727680059342868"
        },
        "729738204273573999": {
            "text": 7,
            "voice": 1,
            "msgs": 0,
            "id": "729738204273573999"
        },
        "628199969592967178": {
            "text": 0,
            "voice": 1,
            "msgs": 0,
            "id": "628199969592967178"
        }
    },
    "822911119744172063": {
        "674212054684401672": {
            "text": 7,
            "voice": 1,
            "msgs": 0,
            "id": "674212054684401672"
        },
        "421023953092476928": {
            "text": 0,
            "voice": 61,
            "msgs": 0,
            "id": "421023953092476928"
        },
        "803595744962674708": {
            "text": 7,
            "voice": 1,
            "msgs": 0,
            "id": "803595744962674708"
        }
    }
}